-- ============================================
-- Seed Data: Migrate existing mock data to Supabase
-- ============================================

-- Categories
INSERT INTO categories (name, slug, description, color, podcast_count) VALUES
  ('Technology', 'technology', 'Software, AI, gadgets, and digital innovation', '#8B3DFF', 6),
  ('Science', 'science', 'Research, discoveries, and scientific breakthroughs', '#00A8FF', 3),
  ('Business', 'business', 'Entrepreneurship, finance, and market insights', '#FF7A00', 3),
  ('Entertainment', 'entertainment', 'Pop culture, comedy, and creative conversations', '#F59E0B', 3),
  ('Education', 'education', 'Learning, skill-building, and academic topics', '#22C55E', 3),
  ('Health', 'health', 'Wellness, fitness, and mental health', '#EF4444', 2);

-- Collections
INSERT INTO collections (id, name, description) VALUES
  ('a0000000-0000-0000-0000-000000000001', 'Editor Picks', 'Staff-curated selection of must-listen episodes'),
  ('a0000000-0000-0000-0000-000000000002', 'AI & Technology', 'Deep dives into artificial intelligence and tech innovation'),
  ('a0000000-0000-0000-0000-000000000003', 'Business & Finance', 'Market insights, startup stories, and financial wisdom');

-- Podcasts
INSERT INTO podcasts (id, title, host, category_id, description, episodes_count, plays, status, cover_image, rating, language, featured, tags) VALUES
  ('b1000000-0000-0000-0000-000000000001', 'Tech Horizons', 'Sarah Chen', (SELECT id FROM categories WHERE slug='technology'), 'Exploring the latest trends and innovations in technology with industry experts and thought leaders.', 156, 128400, 'published', 'https://picsum.photos/seed/podcast1/400/400', 4.8, 'English', true, ARRAY['technology', 'innovation', 'AI']),
  ('b1000000-0000-0000-0000-000000000002', 'The Science Hour', 'Dr. James Wilson', (SELECT id FROM categories WHERE slug='science'), 'Deep dives into scientific breakthroughs, research discoveries, and the people behind them.', 89, 94700, 'published', 'https://picsum.photos/seed/podcast2/400/400', 4.6, 'English', true, ARRAY['science', 'research', 'discoveries']),
  ('b1000000-0000-0000-0000-000000000003', 'Business Insights', 'Maria Rodriguez', (SELECT id FROM categories WHERE slug='business'), 'Market analysis, startup stories, financial strategies, and interviews with industry leaders.', 203, 201300, 'published', 'https://picsum.photos/seed/podcast3/400/400', 4.7, 'English', true, ARRAY['business', 'startups', 'finance']),
  ('b1000000-0000-0000-0000-000000000004', 'Creative Minds', 'Alex Thompson', (SELECT id FROM categories WHERE slug='entertainment'), 'Conversations with artists, designers, musicians, and creators shaping culture.', 67, 52300, 'published', 'https://picsum.photos/seed/podcast4/400/400', 4.4, 'English', false, ARRAY['creativity', 'art', 'design']),
  ('b1000000-0000-0000-0000-000000000005', 'Learn & Grow', 'Dr. Emily Park', (SELECT id FROM categories WHERE slug='education'), 'Lifelong learning strategies, study techniques, and educational insights for personal growth.', 112, 78900, 'draft', 'https://picsum.photos/seed/podcast5/400/400', 4.5, 'English', false, ARRAY['learning', 'education', 'growth']),
  ('b1000000-0000-0000-0000-000000000006', 'Wellness Wave', 'Mike Johnson', (SELECT id FROM categories WHERE slug='health'), 'Mental health awareness, fitness tips, nutrition advice, and holistic wellbeing practices.', 45, 34100, 'published', 'https://picsum.photos/seed/podcast6/400/400', 4.3, 'English', false, ARRAY['wellness', 'health', 'fitness']),
  ('b1000000-0000-0000-0000-000000000007', 'Future Frontiers', 'Dr. James Wilson', (SELECT id FROM categories WHERE slug='science'), 'Exploring emerging technologies, space exploration, and their impact on society.', 23, 12100, 'draft', 'https://picsum.photos/seed/podcast7/400/400', 4.2, 'English', false, ARRAY['technology', 'space', 'future']),
  ('b1000000-0000-0000-0000-000000000008', 'Market Pulse', 'Maria Rodriguez', (SELECT id FROM categories WHERE slug='business'), 'Daily market analysis, investment insights, and economic trends shaping the global economy.', 178, 156700, 'published', 'https://picsum.photos/seed/podcast8/400/400', 4.9, 'English', true, ARRAY['markets', 'investing', 'economy']),
  ('b1000000-0000-0000-0000-000000000009', 'Code & Coffee', 'Sarah Chen', (SELECT id FROM categories WHERE slug='technology'), 'Casual chats about software development, programming languages, and tech culture.', 34, 28900, 'archived', 'https://picsum.photos/seed/podcast9/400/400', 4.1, 'English', false, ARRAY['programming', 'software', 'tech']),
  ('b1000000-0000-0000-0000-000000000010', 'The Daily Digest', 'Alex Thompson', (SELECT id FROM categories WHERE slug='entertainment'), 'Your daily dose of news, culture, entertainment, and everything in between.', 420, 312000, 'published', 'https://picsum.photos/seed/podcast10/400/400', 4.6, 'English', true, ARRAY['news', 'daily', 'culture']),
  ('b1000000-0000-0000-0000-000000000011', 'AI Frontiers', 'Sarah Chen', (SELECT id FROM categories WHERE slug='technology'), 'Cutting-edge artificial intelligence research, applications, and ethical considerations.', 28, 45300, 'published', 'https://picsum.photos/seed/podcast11/400/400', 4.9, 'English', true, ARRAY['AI', 'ethics', 'research']),
  ('b1000000-0000-0000-0000-000000000012', 'History Uncovered', 'Dr. James Wilson', (SELECT id FROM categories WHERE slug='education'), 'Fascinating stories from history that shaped our modern world.', 52, 61200, 'published', 'https://picsum.photos/seed/podcast12/400/400', 4.7, 'English', true, ARRAY['history', 'education', 'stories']),
  ('b1000000-0000-0000-0000-000000000013', 'Startup Stories', 'Maria Rodriguez', (SELECT id FROM categories WHERE slug='business'), 'Founder journeys, funding insights, and lessons from the startup trenches.', 41, 38900, 'published', 'https://picsum.photos/seed/podcast13/400/400', 4.5, 'English', false, ARRAY['startups', 'funding', 'founders']),
  ('b1000000-0000-0000-0000-000000000014', 'Pixel Perfect', 'Alex Thompson', (SELECT id FROM categories WHERE slug='entertainment'), 'Design, photography, visual arts and creative technology intersections.', 19, 12800, 'draft', 'https://picsum.photos/seed/podcast14/400/400', 4.0, 'English', false, ARRAY['design', 'photography', 'art']),
  ('b1000000-0000-0000-0000-000000000015', 'Mindful Moments', 'Mike Johnson', (SELECT id FROM categories WHERE slug='health'), 'Guided meditations, mindfulness practices, and mental wellness strategies.', 67, 48100, 'published', 'https://picsum.photos/seed/podcast15/400/400', 4.8, 'English', true, ARRAY['meditation', 'mindfulness', 'wellness']),
  ('b1000000-0000-0000-0000-000000000016', 'Data Deep Dive', 'Aisha Patel', (SELECT id FROM categories WHERE slug='technology'), 'Data science, analytics, machine learning and statistical thinking for practitioners.', 14, 8900, 'published', 'https://picsum.photos/seed/podcast16/400/400', 4.4, 'English', false, ARRAY['data', 'ML', 'analytics']),
  ('b1000000-0000-0000-0000-000000000017', 'Language Lab', 'Sophie Martin', (SELECT id FROM categories WHERE slug='education'), 'Language learning tips, polyglot interviews, and cultural linguistic insights.', 36, 22100, 'published', 'https://picsum.photos/seed/podcast17/400/400', 4.3, 'English', false, ARRAY['languages', 'learning', 'culture']),
  ('b1000000-0000-0000-0000-000000000018', 'Green Planet', 'Lisa Wang', (SELECT id FROM categories WHERE slug='science'), 'Climate science, sustainability, renewable energy, and environmental conservation.', 21, 15600, 'published', 'https://picsum.photos/seed/podcast18/400/400', 4.6, 'English', true, ARRAY['climate', 'sustainability', 'energy']),
  ('b1000000-0000-0000-0000-000000000019', 'Comedy Hour', 'Alex Thompson', (SELECT id FROM categories WHERE slug='entertainment'), 'Stand-up comedy highlights, comedic interviews, and laugh-out-loud stories.', 92, 187000, 'published', 'https://picsum.photos/seed/podcast19/400/400', 4.2, 'English', false, ARRAY['comedy', 'standup', 'humor']),
  ('b1000000-0000-0000-0000-000000000020', 'Crypto Weekly', 'David Kim', (SELECT id FROM categories WHERE slug='technology'), 'Cryptocurrency analysis, blockchain technology, DeFi, and Web3 developments.', 78, 103400, 'archived', 'https://picsum.photos/seed/podcast20/400/400', 3.9, 'English', false, ARRAY['crypto', 'blockchain', 'web3']);

-- Episodes
INSERT INTO episodes (id, podcast_id, title, host, date, duration, plays, category, excerpt, tags, audio_url, published) VALUES
  ('e1000000-0000-0000-0000-000000000001', 'b1000000-0000-0000-0000-000000000001', 'The Future of AI in Software Development', 'Sarah Chen', '2026-06-05', '42:15', 12400, 'Technology', 'Exploring how large language models are transforming code generation and developer workflows.', ARRAY['AI', 'software', 'development'], 'https://example.com/audio/ep1.mp3', true),
  ('e1000000-0000-0000-0000-000000000002', 'b1000000-0000-0000-0000-000000000002', 'Quantum Computing Breakthroughs', 'Dr. James Wilson', '2026-06-03', '55:30', 8700, 'Science', 'New quantum algorithms for drug discovery and the race to commercial quantum advantage.', ARRAY['quantum', 'computing', 'research'], 'https://example.com/audio/ep2.mp3', true),
  ('e1000000-0000-0000-0000-000000000003', 'b1000000-0000-0000-0000-000000000003', 'Building Sustainable Startups', 'Maria Rodriguez', '2026-06-01', '35:45', 15200, 'Business', 'Balancing growth with responsibility — lessons from mission-driven founders.', ARRAY['startups', 'sustainability', 'business'], 'https://example.com/audio/ep3.mp3', true),
  ('e1000000-0000-0000-0000-000000000004', 'b1000000-0000-0000-0000-000000000004', 'The Creative Renaissance', 'Alex Thompson', '2026-05-28', '48:00', 6800, 'Entertainment', 'How AI tools are enabling new forms of creative expression across all mediums.', ARRAY['AI', 'creativity', 'art'], 'https://example.com/audio/ep4.mp3', true),
  ('e1000000-0000-0000-0000-000000000005', 'b1000000-0000-0000-0000-000000000001', 'Rust vs Go in 2026', 'Sarah Chen', '2026-05-25', '38:20', 9200, 'Technology', 'A practical comparison of two modern systems languages for production workloads.', ARRAY['rust', 'go', 'programming'], 'https://example.com/audio/ep5.mp3', true),
  ('e1000000-0000-0000-0000-000000000006', 'b1000000-0000-0000-0000-000000000003', 'Market Trends Q2 2026', 'Maria Rodriguez', '2026-05-22', '42:00', 18400, 'Business', 'Comprehensive analysis of Q2 market movements and predictions for the rest of the year.', ARRAY['markets', 'investing', 'economy'], 'https://example.com/audio/ep6.mp3', true),
  ('e1000000-0000-0000-0000-000000000007', 'b1000000-0000-0000-0000-000000000006', 'Mindfulness in the Digital Age', 'Mike Johnson', '2026-05-20', '31:15', 5400, 'Health', 'Practical mindfulness techniques for busy professionals navigating digital overwhelm.', ARRAY['mindfulness', 'mental-health', 'productivity'], 'https://example.com/audio/ep7.mp3', true),
  ('e1000000-0000-0000-0000-000000000008', 'b1000000-0000-0000-0000-000000000002', 'CRISPR Latest Developments', 'Dr. James Wilson', '2026-05-18', '49:45', 11200, 'Science', 'Latest advances in gene editing technology and ethical considerations for clinical use.', ARRAY['genetics', 'crispr', 'medicine'], 'https://example.com/audio/ep8.mp3', true),
  ('e1000000-0000-0000-0000-000000000009', 'b1000000-0000-0000-0000-000000000011', 'GPT-5 and Beyond', 'Sarah Chen', '2026-06-06', '46:30', 18900, 'Technology', 'What the next generation of language models means for businesses and society.', ARRAY['AI', 'GPT', 'LLM'], 'https://example.com/audio/ep9.mp3', true),
  ('e1000000-0000-0000-0000-000000000010', 'b1000000-0000-0000-0000-000000000015', 'Morning Meditation Routine', 'Mike Johnson', '2026-06-04', '18:00', 8900, 'Health', 'A guided morning meditation to start your day with clarity and intention.', ARRAY['meditation', 'morning', 'wellness'], 'https://example.com/audio/ep10.mp3', true),
  ('e1000000-0000-0000-0000-000000000011', 'b1000000-0000-0000-0000-000000000010', 'Weekly News Roundup', 'Alex Thompson', '2026-06-07', '34:20', 21300, 'Entertainment', 'The biggest stories from around the world, curated and discussed.', ARRAY['news', 'weekly', 'culture'], 'https://example.com/audio/ep11.mp3', true),
  ('e1000000-0000-0000-0000-000000000012', 'b1000000-0000-0000-0000-000000000008', 'Global Market Outlook', 'Maria Rodriguez', '2026-06-06', '38:50', 14100, 'Business', 'Interest rate trends, emerging market opportunities, and portfolio strategies.', ARRAY['markets', 'global', 'outlook'], 'https://example.com/audio/ep12.mp3', true),
  ('e1000000-0000-0000-0000-000000000013', 'b1000000-0000-0000-0000-000000000012', 'The Fall of Rome', 'Dr. James Wilson', '2026-05-30', '52:10', 7800, 'Education', 'New archaeological evidence challenging conventional narratives about Rome''s collapse.', ARRAY['history', 'rome', 'archaeology'], 'https://example.com/audio/ep13.mp3', true),
  ('e1000000-0000-0000-0000-000000000014', 'b1000000-0000-0000-0000-000000000016', 'Machine Learning in Production', 'Aisha Patel', '2026-06-05', '41:25', 3400, 'Technology', 'Best practices for deploying, monitoring, and maintaining ML models in production.', ARRAY['ML', 'production', 'engineering'], 'https://example.com/audio/ep14.mp3', true),
  ('e1000000-0000-0000-0000-000000000015', 'b1000000-0000-0000-0000-000000000017', 'How to Learn Any Language', 'Sophie Martin', '2026-06-02', '33:40', 4500, 'Education', 'Proven techniques for language acquisition from polyglots and neuroscientists.', ARRAY['language', 'learning', 'techniques'], 'https://example.com/audio/ep15.mp3', true),
  ('e1000000-0000-0000-0000-000000000016', 'b1000000-0000-0000-0000-000000000018', 'Solar Energy Revolution', 'Lisa Wang', '2026-05-28', '37:15', 5100, 'Science', 'How solar technology breakthroughs are accelerating the renewable energy transition.', ARRAY['solar', 'energy', 'renewable'], 'https://example.com/audio/ep16.mp3', true),
  ('e1000000-0000-0000-0000-000000000017', 'b1000000-0000-0000-0000-000000000019', 'Best of Open Mic Night', 'Alex Thompson', '2026-06-06', '45:00', 31200, 'Entertainment', 'Highlights from our live comedy open mic event featuring rising comedians.', ARRAY['comedy', 'live', 'standup'], 'https://example.com/audio/ep17.mp3', true),
  ('e1000000-0000-0000-0000-000000000018', 'b1000000-0000-0000-0000-000000000013', 'From 0 to IPO', 'Maria Rodriguez', '2026-05-25', '56:20', 6700, 'Business', 'A founder''s journey from garage startup to NASDAQ listing in 5 years.', ARRAY['startup', 'IPO', 'founder'], 'https://example.com/audio/ep18.mp3', true),
  ('e1000000-0000-0000-0000-000000000019', 'b1000000-0000-0000-0000-000000000001', 'Edge Computing Explained', 'Sarah Chen', '2026-06-02', '36:40', 7800, 'Technology', 'How edge computing is reshaping IoT, real-time analytics, and cloud architecture.', ARRAY['edge', 'cloud', 'IoT'], 'https://example.com/audio/ep19.mp3', true),
  ('e1000000-0000-0000-0000-000000000020', 'b1000000-0000-0000-0000-000000000015', 'Stress Management at Work', 'Mike Johnson', '2026-05-30', '28:30', 6200, 'Health', 'Evidence-based strategies for managing workplace stress and preventing burnout.', ARRAY['stress', 'work', 'burnout'], 'https://example.com/audio/ep20.mp3', true),
  ('e1000000-0000-0000-0000-000000000021', 'b1000000-0000-0000-0000-000000000011', 'Ethics of Autonomous Systems', 'Sarah Chen', '2026-05-28', '44:10', 5600, 'Technology', 'Navigating the ethical challenges of self-driving cars, drones, and robotic decision-making.', ARRAY['ethics', 'autonomous', 'AI'], 'https://example.com/audio/ep21.mp3', true),
  ('e1000000-0000-0000-0000-000000000022', 'b1000000-0000-0000-0000-000000000005', 'Learning in the Age of AI', 'Dr. Emily Park', '2026-05-15', '39:50', 2800, 'Education', 'How AI tutors and personalized learning are transforming education.', ARRAY['AI', 'education', 'learning'], 'https://example.com/audio/ep22.mp3', true),
  ('e1000000-0000-0000-0000-000000000023', 'b1000000-0000-0000-0000-000000000020', 'Crypto Regulation Update', 'David Kim', '2026-04-20', '42:00', 4500, 'Technology', 'Latest regulatory developments in crypto markets and what they mean for investors.', ARRAY['crypto', 'regulation', 'blockchain'], 'https://example.com/audio/ep23.mp3', true);

-- Users (password_hash omitted — will use Supabase Auth for real auth)
INSERT INTO users (id, name, email, role, status, bio, joined_at, social, preferences) VALUES
  ('f1000000-0000-0000-0000-000000000001', 'Sarah Chen', 'sarah@example.com', 'admin', 'active', 'Podcast creator and AI enthusiast. Building the future of audio.', '2025-01-15', '{"twitter": "@sarahchen", "github": "sarahchen"}', '{"theme": "dark", "notifications": {"email": true, "push": true, "digest": false}}'),
  ('f1000000-0000-0000-0000-000000000002', 'Alex Thompson', 'alex@example.com', 'user', 'active', 'Avid podcast listener and tech enthusiast. 500+ episodes and counting.', '2026-03-20', '{"twitter": "@alexthompson"}', '{"theme": "dark", "notifications": {"email": true, "push": false, "digest": true}}'),
  ('f1000000-0000-0000-0000-000000000003', 'Maria Rodriguez', 'maria@example.com', 'user', 'active', 'Technology enthusiast and startup advisor. Love learning on the go.', '2026-05-01', '{"linkedin": "mariarodriguez"}', '{"theme": "system", "notifications": {"email": true, "push": true, "digest": true}}'),
  ('f1000000-0000-0000-0000-000000000004', 'Dr. James Wilson', 'james@example.com', 'moderator', 'active', 'Science communicator and professor. Making complex topics accessible.', '2025-08-12', '{"twitter": "@drjwilson", "website": "jameswilson.dev"}', '{"theme": "dark", "notifications": {"email": false, "push": true, "digest": false}}'),
  ('f1000000-0000-0000-0000-000000000005', 'Emily Park', 'emily@example.com', 'user', 'suspended', 'Former contributor. Account under review.', '2026-02-10', '{}', '{"theme": "dark", "notifications": {"email": true, "push": false, "digest": false}}'),
  ('f1000000-0000-0000-0000-000000000006', 'Mike Johnson', 'mike@example.com', 'user', 'active', 'Health and wellness advocate. Certified nutrition coach.', '2026-04-05', '{"twitter": "@mikejohnson"}', '{"theme": "dark", "notifications": {"email": true, "push": true, "digest": true}}');
